num,name,sel,nonStandard,counted,plainMODA,curvIndex,curvMODA
1,met,AF_Q6ZNE5_F1_model_v4.a/^M1,0,1,0,0.955511,0
2,ala,AF_Q6ZNE5_F1_model_v4.a/^A2,0,1,0,0.955511,0
3,ser,AF_Q6ZNE5_F1_model_v4.a/^S3,0,1,0,0.955511,0
4,pro,AF_Q6ZNE5_F1_model_v4.a/^P4,0,1,0,0.955511,0
5,ser,AF_Q6ZNE5_F1_model_v4.a/^S5,0,1,0,0.955511,0
6,gly,AF_Q6ZNE5_F1_model_v4.a/^G6,0,1,0,0.955511,0
7,lys,AF_Q6ZNE5_F1_model_v4.a/^K7,0,1,2.57133,0.955511,2.45693
8,gly,AF_Q6ZNE5_F1_model_v4.a/^G8,0,1,0,0.955511,0
9,ala,AF_Q6ZNE5_F1_model_v4.a/^A9,0,1,31.7138,0.955511,30.3029
10,arg,AF_Q6ZNE5_F1_model_v4.a/^R10,0,1,125.562,0.955511,119.976
11,ala,AF_Q6ZNE5_F1_model_v4.a/^A11,0,1,1.67426,0.955511,1.59977
12,leu,AF_Q6ZNE5_F1_model_v4.a/^L12,0,1,0.401441,0.955511,0.383581
13,glu,AF_Q6ZNE5_F1_model_v4.a/^E13,0,1,0,0.955511,0
14,ala,AF_Q6ZNE5_F1_model_v4.a/^A14,0,1,0,0.955511,0
15,pro,AF_Q6ZNE5_F1_model_v4.a/^P15,0,1,0,0.955511,0
16,gly,AF_Q6ZNE5_F1_model_v4.a/^G16,0,1,0,0.955511,0
17,cys,AF_Q6ZNE5_F1_model_v4.a/^C17,0,1,0,0.955511,0
18,gly,AF_Q6ZNE5_F1_model_v4.a/^G18,0,1,0,0.955511,0
19,pro,AF_Q6ZNE5_F1_model_v4.a/^P19,0,1,4.68346,0.955511,4.4751
20,arg,AF_Q6ZNE5_F1_model_v4.a/^R20,0,1,484.29,0.955511,462.744
21,pro,AF_Q6ZNE5_F1_model_v4.a/^P21,0,1,10.2451,0.955511,9.78934
22,leu,AF_Q6ZNE5_F1_model_v4.a/^L22,0,1,477.382,0.955511,456.144
23,ala,AF_Q6ZNE5_F1_model_v4.a/^A23,0,1,220.834,0.955511,211.01
24,arg,AF_Q6ZNE5_F1_model_v4.a/^R24,0,1,307.874,0.955511,294.177
25,asp,AF_Q6ZNE5_F1_model_v4.a/^D25,0,1,201.834,0.955511,192.855
26,leu,AF_Q6ZNE5_F1_model_v4.a/^L26,0,1,1152.81,0.955511,1101.52
27,val,AF_Q6ZNE5_F1_model_v4.a/^V27,0,1,1062.5,0.955511,1015.23
28,asp,AF_Q6ZNE5_F1_model_v4.a/^D28,0,1,0,0.955511,0
29,ser,AF_Q6ZNE5_F1_model_v4.a/^S29,0,1,80.9769,0.955511,77.3744
30,val,AF_Q6ZNE5_F1_model_v4.a/^V30,0,1,378.353,0.955511,361.52
31,asp,AF_Q6ZNE5_F1_model_v4.a/^D31,0,1,26.3515,0.955511,25.1792
32,asp,AF_Q6ZNE5_F1_model_v4.a/^D32,0,1,0,0.955511,0
33,ala,AF_Q6ZNE5_F1_model_v4.a/^A33,0,1,0,0.955511,0
34,glu,AF_Q6ZNE5_F1_model_v4.a/^E34,0,1,0,0.955511,0
35,gly,AF_Q6ZNE5_F1_model_v4.a/^G35,0,1,0,0.955511,0
36,leu,AF_Q6ZNE5_F1_model_v4.a/^L36,0,1,786.721,0.955511,751.721
37,tyr,AF_Q6ZNE5_F1_model_v4.a/^Y37,0,1,1708.37,0.955511,1632.36
38,val,AF_Q6ZNE5_F1_model_v4.a/^V38,0,1,816.944,0.955511,780.6
39,ala,AF_Q6ZNE5_F1_model_v4.a/^A39,0,1,403.973,0.955511,386.001
40,val,AF_Q6ZNE5_F1_model_v4.a/^V40,0,1,442.16,0.955511,422.489
41,glu,AF_Q6ZNE5_F1_model_v4.a/^E41,0,1,230.928,0.955511,220.655
42,arg,AF_Q6ZNE5_F1_model_v4.a/^R42,0,1,208.285,0.900121,187.482
43,cys,AF_Q6ZNE5_F1_model_v4.a/^C43,0,1,0,0.768437,0
44,pro,AF_Q6ZNE5_F1_model_v4.a/^P44,0,1,204.077,0.780511,159.284
45,leu,AF_Q6ZNE5_F1_model_v4.a/^L45,0,1,125.42,0.651105,81.6615
46,cys,AF_Q6ZNE5_F1_model_v4.a/^C46,0,1,10.7113,0.676466,7.24581
47,asn,AF_Q6ZNE5_F1_model_v4.a/^N47,0,1,83.3076,0.799084,66.5698
48,thr,AF_Q6ZNE5_F1_model_v4.a/^T48,0,1,42.7002,0.793661,33.8895
49,thr,AF_Q6ZNE5_F1_model_v4.a/^T49,0,1,335.764,0.955511,320.826
50,arg,AF_Q6ZNE5_F1_model_v4.a/^R50,0,1,62.1959,0.908978,56.5347
51,arg,AF_Q6ZNE5_F1_model_v4.a/^R51,0,1,209.169,0.955511,199.864
52,arg,AF_Q6ZNE5_F1_model_v4.a/^R52,0,1,562.614,0.954807,537.187
53,leu,AF_Q6ZNE5_F1_model_v4.a/^L53,0,1,563.392,0.887654,500.097
54,thr,AF_Q6ZNE5_F1_model_v4.a/^T54,0,1,839.712,0.742109,623.158
55,cyss,AF_Q6ZNE5_F1_model_v4.a/^C55,0,1,0,0.750347,0
56,ala,AF_Q6ZNE5_F1_model_v4.a/^A56,0,1,0,0.891366,0
57,lys,AF_Q6ZNE5_F1_model_v4.a/^K57,0,1,1.14215,0.727992,0.831473
58,cyss,AF_Q6ZNE5_F1_model_v4.a/^C58,0,1,0,0.652618,0
59,val,AF_Q6ZNE5_F1_model_v4.a/^V59,0,1,1067.6,0.7568,807.961
60,gln,AF_Q6ZNE5_F1_model_v4.a/^Q60,0,1,0,0.824025,0
61,ser,AF_Q6ZNE5_F1_model_v4.a/^S61,0,1,0,0.633964,0
62,gly,AF_Q6ZNE5_F1_model_v4.a/^G62,0,1,0,0.627157,0
63,asp,AF_Q6ZNE5_F1_model_v4.a/^D63,0,1,0,0.58077,0
64,phe,AF_Q6ZNE5_F1_model_v4.a/^F64,0,1,1700.56,0.650869,1106.84
65,val,AF_Q6ZNE5_F1_model_v4.a/^V65,0,1,673.99,0.754517,508.537
66,tyr,AF_Q6ZNE5_F1_model_v4.a/^Y66,0,1,1944.52,0.91147,1772.37
67,phe,AF_Q6ZNE5_F1_model_v4.a/^F67,0,1,2445.51,0.955511,2336.71
68,asp,AF_Q6ZNE5_F1_model_v4.a/^D68,0,1,1534.91,0.955511,1466.62
69,gly,AF_Q6ZNE5_F1_model_v4.a/^G69,0,1,1228.28,0.955511,1173.63
70,arg,AF_Q6ZNE5_F1_model_v4.a/^R70,0,1,702.108,0.955511,670.872
71,asp,AF_Q6ZNE5_F1_model_v4.a/^D71,0,1,87.4752,0.899116,78.6503
72,arg,AF_Q6ZNE5_F1_model_v4.a/^R72,0,1,203.765,0.861632,175.57
73,glu,AF_Q6ZNE5_F1_model_v4.a/^E73,0,1,15.9566,0.740257,11.812
74,arg,AF_Q6ZNE5_F1_model_v4.a/^R74,0,1,0,0.615959,0
75,phe,AF_Q6ZNE5_F1_model_v4.a/^F75,0,1,1126.2,0.649913,731.93
76,ile,AF_Q6ZNE5_F1_model_v4.a/^I76,0,1,0,0.60591,0
77,asp,AF_Q6ZNE5_F1_model_v4.a/^D77,0,1,0,0.65394,0
78,lys,AF_Q6ZNE5_F1_model_v4.a/^K78,0,1,693.647,0.702324,487.165
79,lys,AF_Q6ZNE5_F1_model_v4.a/^K79,0,1,355.497,0.722309,256.779
80,glu,AF_Q6ZNE5_F1_model_v4.a/^E80,0,1,0,0.723513,0
81,arg,AF_Q6ZNE5_F1_model_v4.a/^R81,0,1,302.979,0.76726,232.464
82,leu,AF_Q6ZNE5_F1_model_v4.a/^L82,0,1,495.063,0.822436,407.158
83,ser,AF_Q6ZNE5_F1_model_v4.a/^S83,0,1,0,0.850192,0
84,arg,AF_Q6ZNE5_F1_model_v4.a/^R84,0,1,4.69616,0.864196,4.0584
85,leu,AF_Q6ZNE5_F1_model_v4.a/^L85,0,1,255.076,0.896977,228.798
86,lys,AF_Q6ZNE5_F1_model_v4.a/^K86,0,1,335.443,0.953181,319.738
87,ser,AF_Q6ZNE5_F1_model_v4.a/^S87,0,1,0,0.946696,0
88,lys,AF_Q6ZNE5_F1_model_v4.a/^K88,0,1,152.982,0.955511,146.176
89,gln,AF_Q6ZNE5_F1_model_v4.a/^Q89,0,1,352.642,0.955511,336.953
90,glu,AF_Q6ZNE5_F1_model_v4.a/^E90,0,1,0,0.955511,0
91,glu,AF_Q6ZNE5_F1_model_v4.a/^E91,0,1,0,0.955511,0
92,phe,AF_Q6ZNE5_F1_model_v4.a/^F92,0,1,137.014,0.955511,130.919
93,gln,AF_Q6ZNE5_F1_model_v4.a/^Q93,0,1,26.0492,0.955511,24.8903
94,lys,AF_Q6ZNE5_F1_model_v4.a/^K94,0,1,0,0.955511,0
95,glu,AF_Q6ZNE5_F1_model_v4.a/^E95,0,1,0,0.955511,0
96,val,AF_Q6ZNE5_F1_model_v4.a/^V96,0,1,11.8447,0.955511,11.3178
97,leu,AF_Q6ZNE5_F1_model_v4.a/^L97,0,1,22.2294,0.955511,21.2404
98,lys,AF_Q6ZNE5_F1_model_v4.a/^K98,0,1,0,0.955511,0
99,ala,AF_Q6ZNE5_F1_model_v4.a/^A99,0,1,2.26938,0.955511,2.16841
100,met,AF_Q6ZNE5_F1_model_v4.a/^M100,0,1,169.957,0.955511,162.396
101,glu,AF_Q6ZNE5_F1_model_v4.a/^E101,0,1,214.904,0.955511,205.343
102,gly,AF_Q6ZNE5_F1_model_v4.a/^G102,0,1,54.641,0.955096,52.1874
103,lys,AF_Q6ZNE5_F1_model_v4.a/^K103,0,1,203.604,0.953952,194.229
104,trp,AF_Q6ZNE5_F1_model_v4.a/^W104,0,1,393.354,0.950245,373.783
105,ile,AF_Q6ZNE5_F1_model_v4.a/^I105,0,1,399.892,0.923458,369.284
106,thr,AF_Q6ZNE5_F1_model_v4.a/^T106,0,1,95.4797,0.917518,87.6043
107,asp,AF_Q6ZNE5_F1_model_v4.a/^D107,0,1,844.289,0.9266,782.318
108,gln,AF_Q6ZNE5_F1_model_v4.a/^Q108,0,1,368.27,0.924453,340.448
109,leu,AF_Q6ZNE5_F1_model_v4.a/^L109,0,1,1176.78,0.915931,1077.84
110,arg,AF_Q6ZNE5_F1_model_v4.a/^R110,0,1,369.429,0.929061,343.222
111,trp,AF_Q6ZNE5_F1_model_v4.a/^W111,0,1,888.021,0.943785,838.101
112,lys,AF_Q6ZNE5_F1_model_v4.a/^K112,0,1,542.119,0.938579,508.821
113,ile,AF_Q6ZNE5_F1_model_v4.a/^I113,0,1,804.541,0.940976,757.054
114,met,AF_Q6ZNE5_F1_model_v4.a/^M114,0,1,493.191,0.954192,470.599
115,ser,AF_Q6ZNE5_F1_model_v4.a/^S115,0,1,426.405,0.955511,407.435
116,cys,AF_Q6ZNE5_F1_model_v4.a/^C116,0,1,442.763,0.949922,420.59
117,lys,AF_Q6ZNE5_F1_model_v4.a/^K117,0,1,155.815,0.955371,148.861
118,met,AF_Q6ZNE5_F1_model_v4.a/^M118,0,1,105.922,0.955511,101.21
119,arg,AF_Q6ZNE5_F1_model_v4.a/^R119,0,1,374.306,0.955511,357.654
120,ile,AF_Q6ZNE5_F1_model_v4.a/^I120,0,1,528.997,0.952756,504.006
121,glu,AF_Q6ZNE5_F1_model_v4.a/^E121,0,1,0,0.955511,0
122,gln,AF_Q6ZNE5_F1_model_v4.a/^Q122,0,1,13.1964,0.955511,12.6093
123,leu,AF_Q6ZNE5_F1_model_v4.a/^L123,0,1,589.318,0.955511,563.1
124,lys,AF_Q6ZNE5_F1_model_v4.a/^K124,0,1,8.33239,0.955511,7.96169
125,gln,AF_Q6ZNE5_F1_model_v4.a/^Q125,0,1,0,0.955511,0
126,thr,AF_Q6ZNE5_F1_model_v4.a/^T126,0,1,145.825,0.955511,139.338
127,ile,AF_Q6ZNE5_F1_model_v4.a/^I127,0,1,370.641,0.955511,354.151
128,cys,AF_Q6ZNE5_F1_model_v4.a/^C128,0,1,0.22169,0.955511,0.211828
129,lys,AF_Q6ZNE5_F1_model_v4.a/^K129,0,1,0,0.955511,0
130,gly,AF_Q6ZNE5_F1_model_v4.a/^G130,0,1,0,0.955511,0
131,asn,AF_Q6ZNE5_F1_model_v4.a/^N131,0,1,28.8027,0.955511,27.5213
132,glu,AF_Q6ZNE5_F1_model_v4.a/^E132,0,1,0,0.955511,0
133,glu,AF_Q6ZNE5_F1_model_v4.a/^E133,0,1,0,0.955511,0
134,met,AF_Q6ZNE5_F1_model_v4.a/^M134,0,1,20.5942,0.955511,19.6779
135,glu,AF_Q6ZNE5_F1_model_v4.a/^E135,0,1,0,0.955511,0
136,lys,AF_Q6ZNE5_F1_model_v4.a/^K136,0,1,0,0.955511,0
137,asn,AF_Q6ZNE5_F1_model_v4.a/^N137,0,1,0,0.955511,0
138,ser,AF_Q6ZNE5_F1_model_v4.a/^S138,0,1,54.8343,0.955511,52.3948
139,glu,AF_Q6ZNE5_F1_model_v4.a/^E139,0,1,0,0.955511,0
140,gly,AF_Q6ZNE5_F1_model_v4.a/^G140,0,1,0,0.955511,0
141,leu,AF_Q6ZNE5_F1_model_v4.a/^L141,0,1,44.6119,0.955511,42.6272
142,leu,AF_Q6ZNE5_F1_model_v4.a/^L142,0,1,19.9505,0.955511,19.063
143,lys,AF_Q6ZNE5_F1_model_v4.a/^K143,0,1,0,0.955511,0
144,thr,AF_Q6ZNE5_F1_model_v4.a/^T144,0,1,42.4237,0.955511,40.5363
145,lys,AF_Q6ZNE5_F1_model_v4.a/^K145,0,1,90.9814,0.955511,86.9337
146,glu,AF_Q6ZNE5_F1_model_v4.a/^E146,0,1,0,0.955511,0
147,lys,AF_Q6ZNE5_F1_model_v4.a/^K147,0,1,2.53309,0.955511,2.4204
148,asn,AF_Q6ZNE5_F1_model_v4.a/^N148,0,1,239.015,0.955511,228.382
149,gln,AF_Q6ZNE5_F1_model_v4.a/^Q149,0,1,13.8227,0.955511,13.2078
150,lys,AF_Q6ZNE5_F1_model_v4.a/^K150,0,1,0,0.955511,0
151,leu,AF_Q6ZNE5_F1_model_v4.a/^L151,0,1,139.993,0.955511,133.765
152,tyr,AF_Q6ZNE5_F1_model_v4.a/^Y152,0,1,170.338,0.955511,162.759
153,ser,AF_Q6ZNE5_F1_model_v4.a/^S153,0,1,0,0.955511,0
154,arg,AF_Q6ZNE5_F1_model_v4.a/^R154,0,1,384.771,0.955511,367.653
155,ala,AF_Q6ZNE5_F1_model_v4.a/^A155,0,1,54.4685,0.955511,52.0452
156,gln,AF_Q6ZNE5_F1_model_v4.a/^Q156,0,1,0,0.955511,0
157,arg,AF_Q6ZNE5_F1_model_v4.a/^R157,0,1,10.8025,0.955511,10.3219
158,his,AF_Q6ZNE5_F1_model_v4.a/^H158,0,1,260.546,0.955511,248.955
159,gln,AF_Q6ZNE5_F1_model_v4.a/^Q159,0,1,0,0.955511,0
160,glu,AF_Q6ZNE5_F1_model_v4.a/^E160,0,1,0,0.955511,0
161,lys,AF_Q6ZNE5_F1_model_v4.a/^K161,0,1,280.453,0.955511,267.976
162,lys,AF_Q6ZNE5_F1_model_v4.a/^K162,0,1,0,0.955511,0
163,glu,AF_Q6ZNE5_F1_model_v4.a/^E163,0,1,0,0.955511,0
164,lys,AF_Q6ZNE5_F1_model_v4.a/^K164,0,1,139.069,0.955511,132.882
165,ile,AF_Q6ZNE5_F1_model_v4.a/^I165,0,1,504.905,0.955511,482.443
166,gln,AF_Q6ZNE5_F1_model_v4.a/^Q166,0,1,0,0.955511,0
167,arg,AF_Q6ZNE5_F1_model_v4.a/^R167,0,1,0,0.955511,0
168,his,AF_Q6ZNE5_F1_model_v4.a/^H168,0,1,763.823,0.955511,729.841
169,asn,AF_Q6ZNE5_F1_model_v4.a/^N169,0,1,385.184,0.955511,368.048
170,arg,AF_Q6ZNE5_F1_model_v4.a/^R170,0,1,0,0.955511,0
171,lys,AF_Q6ZNE5_F1_model_v4.a/^K171,0,1,26.8562,0.955511,25.6614
172,leu,AF_Q6ZNE5_F1_model_v4.a/^L172,0,1,578.432,0.955511,552.698
173,gly,AF_Q6ZNE5_F1_model_v4.a/^G173,0,1,102.599,0.955511,98.0349
174,asp,AF_Q6ZNE5_F1_model_v4.a/^D174,0,1,0,0.955511,0
175,leu,AF_Q6ZNE5_F1_model_v4.a/^L175,0,1,121.758,0.955511,116.341
176,val,AF_Q6ZNE5_F1_model_v4.a/^V176,0,1,384.852,0.955511,367.731
177,glu,AF_Q6ZNE5_F1_model_v4.a/^E177,0,1,0,0.955511,0
178,lys,AF_Q6ZNE5_F1_model_v4.a/^K178,0,1,1.29631,0.955511,1.23864
179,lys,AF_Q6ZNE5_F1_model_v4.a/^K179,0,1,505.406,0.930513,470.287
180,thr,AF_Q6ZNE5_F1_model_v4.a/^T180,0,1,305.943,0.911826,278.967
181,ile,AF_Q6ZNE5_F1_model_v4.a/^I181,0,1,0,0.906589,0
182,asp,AF_Q6ZNE5_F1_model_v4.a/^D182,0,1,8.41054,0.883881,7.43391
183,leu,AF_Q6ZNE5_F1_model_v4.a/^L183,0,1,220.619,0.829039,182.902
184,arg,AF_Q6ZNE5_F1_model_v4.a/^R184,0,1,24.2575,0.796191,19.3136
185,ser,AF_Q6ZNE5_F1_model_v4.a/^S185,0,1,0,0.797666,0
186,his,AF_Q6ZNE5_F1_model_v4.a/^H186,0,1,89.3689,0.727957,65.0567
187,tyr,AF_Q6ZNE5_F1_model_v4.a/^Y187,0,1,223.239,0.611963,136.614
188,glu,AF_Q6ZNE5_F1_model_v4.a/^E188,0,1,0,0.621734,0
189,arg,AF_Q6ZNE5_F1_model_v4.a/^R189,0,1,145.271,0.613381,89.1068
190,leu,AF_Q6ZNE5_F1_model_v4.a/^L190,0,1,0,0.467671,0
191,ala,AF_Q6ZNE5_F1_model_v4.a/^A191,0,0,0,0.378858,0
192,asn,AF_Q6ZNE5_F1_model_v4.a/^N192,0,1,0,0.426154,0
193,leu,AF_Q6ZNE5_F1_model_v4.a/^L193,0,1,68.1053,0.364182,24.8027
194,arg,AF_Q6ZNE5_F1_model_v4.a/^R194,0,1,0,0.195328,0
195,arg,AF_Q6ZNE5_F1_model_v4.a/^R195,0,1,0,0.224912,0
196,ser,AF_Q6ZNE5_F1_model_v4.a/^S196,0,1,0,0.286669,0
197,his,AF_Q6ZNE5_F1_model_v4.a/^H197,0,1,0,0.179561,0
198,ile,AF_Q6ZNE5_F1_model_v4.a/^I198,0,0,0,0.0400748,0
199,leu,AF_Q6ZNE5_F1_model_v4.a/^L199,0,1,0,0.179395,0
200,glu,AF_Q6ZNE5_F1_model_v4.a/^E200,0,1,0,0.238814,0
201,leu,AF_Q6ZNE5_F1_model_v4.a/^L201,0,1,208.486,0.0588905,12.2778
202,thr,AF_Q6ZNE5_F1_model_v4.a/^T202,0,1,0,-0.00882837,0
203,ser,AF_Q6ZNE5_F1_model_v4.a/^S203,0,1,0,0.204744,0
204,val,AF_Q6ZNE5_F1_model_v4.a/^V204,0,1,149.263,0.248978,37.1633
205,ile,AF_Q6ZNE5_F1_model_v4.a/^I205,0,1,370.312,0.0897161,33.223
206,phe,AF_Q6ZNE5_F1_model_v4.a/^F206,0,1,896.082,-0.0830326,-74.404
207,pro,AF_Q6ZNE5_F1_model_v4.a/^P207,0,1,131.365,0.0664343,8.72712
208,ile,AF_Q6ZNE5_F1_model_v4.a/^I208,0,1,0,-0.0965535,0
209,glu,AF_Q6ZNE5_F1_model_v4.a/^E209,0,1,0,0.124456,0
210,glu,AF_Q6ZNE5_F1_model_v4.a/^E210,0,1,0,0.217322,0
211,val,AF_Q6ZNE5_F1_model_v4.a/^V211,0,1,0,0.332646,0
212,lys,AF_Q6ZNE5_F1_model_v4.a/^K212,0,1,2.46851,0.691637,1.70731
213,thr,AF_Q6ZNE5_F1_model_v4.a/^T213,0,1,4.27603,0.693665,2.96613
214,gly,AF_Q6ZNE5_F1_model_v4.a/^G214,0,1,14.2736,0.955511,13.6386
215,val,AF_Q6ZNE5_F1_model_v4.a/^V215,0,1,2.99245,0.955511,2.85932
216,arg,AF_Q6ZNE5_F1_model_v4.a/^R216,0,1,7.94404,0.955511,7.59062
217,asp,AF_Q6ZNE5_F1_model_v4.a/^D217,0,1,0,0.955511,0
218,pro,AF_Q6ZNE5_F1_model_v4.a/^P218,0,1,1.95061,0.955511,1.86383
219,ala,AF_Q6ZNE5_F1_model_v4.a/^A219,0,1,0,0.955511,0
220,asp,AF_Q6ZNE5_F1_model_v4.a/^D220,0,1,0,0.955511,0
221,val,AF_Q6ZNE5_F1_model_v4.a/^V221,0,1,0,0.955511,0
222,ser,AF_Q6ZNE5_F1_model_v4.a/^S222,0,1,0,0.955511,0
223,ser,AF_Q6ZNE5_F1_model_v4.a/^S223,0,1,0,0.955511,0
224,glu,AF_Q6ZNE5_F1_model_v4.a/^E224,0,1,0,0.955511,0
225,ser,AF_Q6ZNE5_F1_model_v4.a/^S225,0,1,0,0.955511,0
226,asp,AF_Q6ZNE5_F1_model_v4.a/^D226,0,1,0,0.955511,0
227,ser,AF_Q6ZNE5_F1_model_v4.a/^S227,0,1,0,0.955511,0
228,ala,AF_Q6ZNE5_F1_model_v4.a/^A228,0,1,0,0.955511,0
229,met,AF_Q6ZNE5_F1_model_v4.a/^M229,0,1,0,0.955511,0
230,thr,AF_Q6ZNE5_F1_model_v4.a/^T230,0,1,0,0.955511,0
231,ser,AF_Q6ZNE5_F1_model_v4.a/^S231,0,1,0,0.955511,0
232,ser,AF_Q6ZNE5_F1_model_v4.a/^S232,0,1,0,0.955511,0
233,thr,AF_Q6ZNE5_F1_model_v4.a/^T233,0,1,144.002,0.955511,137.595
234,val,AF_Q6ZNE5_F1_model_v4.a/^V234,0,1,114.394,0.955511,109.304
235,ser,AF_Q6ZNE5_F1_model_v4.a/^S235,0,1,0,0.955511,0
236,lys,AF_Q6ZNE5_F1_model_v4.a/^K236,0,1,39.94,0.955511,38.1631
237,leu,AF_Q6ZNE5_F1_model_v4.a/^L237,0,1,276.579,0.941479,260.393
238,ala,AF_Q6ZNE5_F1_model_v4.a/^A238,0,1,0,0.866654,0
239,glu,AF_Q6ZNE5_F1_model_v4.a/^E239,0,1,0,0.798591,0
240,ala,AF_Q6ZNE5_F1_model_v4.a/^A240,0,1,639.722,0.797498,510.177
241,arg,AF_Q6ZNE5_F1_model_v4.a/^R241,0,1,331.443,0.696633,230.894
242,arg,AF_Q6ZNE5_F1_model_v4.a/^R242,0,1,0,0.592098,0
243,thr,AF_Q6ZNE5_F1_model_v4.a/^T243,0,1,557.24,0.649234,361.779
244,thr,AF_Q6ZNE5_F1_model_v4.a/^T244,0,1,458.051,0.462913,212.038
245,tyr,AF_Q6ZNE5_F1_model_v4.a/^Y245,0,1,1589.64,0.68739,1092.7
246,leu,AF_Q6ZNE5_F1_model_v4.a/^L246,0,1,90.4813,0.471137,42.6291
247,ser,AF_Q6ZNE5_F1_model_v4.a/^S247,0,1,352.842,0.5702,201.19
248,gly,AF_Q6ZNE5_F1_model_v4.a/^G248,0,1,1004.39,0.747812,751.094
249,arg,AF_Q6ZNE5_F1_model_v4.a/^R249,0,1,75.6326,0.646746,48.9151
250,trp,AF_Q6ZNE5_F1_model_v4.a/^W250,0,1,927.84,0.700795,650.225
251,val,AF_Q6ZNE5_F1_model_v4.a/^V251,0,1,0,0.464875,0
252,cys,AF_Q6ZNE5_F1_model_v4.a/^C252,0,1,0,0.573715,0
253,asp,AF_Q6ZNE5_F1_model_v4.a/^D253,0,1,0,0.334503,0
254,asp,AF_Q6ZNE5_F1_model_v4.a/^D254,0,1,0,0.489403,0
255,his,AF_Q6ZNE5_F1_model_v4.a/^H255,0,1,0,0.283129,0
256,asn,AF_Q6ZNE5_F1_model_v4.a/^N256,0,1,0,0.425713,0
257,gly,AF_Q6ZNE5_F1_model_v4.a/^G257,0,1,0,0.56347,0
258,asp,AF_Q6ZNE5_F1_model_v4.a/^D258,0,1,0,0.680509,0
259,thr,AF_Q6ZNE5_F1_model_v4.a/^T259,0,1,0,0.372039,0
260,ser,AF_Q6ZNE5_F1_model_v4.a/^S260,0,1,0,0.229768,0
261,ile,AF_Q6ZNE5_F1_model_v4.a/^I261,0,0,0,-0.036211,0
262,ser,AF_Q6ZNE5_F1_model_v4.a/^S262,0,0,0,0.0764949,0
263,ile,AF_Q6ZNE5_F1_model_v4.a/^I263,0,0,0,-0.144971,0
264,thr,AF_Q6ZNE5_F1_model_v4.a/^T264,0,1,1067.13,-0.0281155,-30.003
265,gly,AF_Q6ZNE5_F1_model_v4.a/^G265,0,1,0,0.122149,0
266,pro,AF_Q6ZNE5_F1_model_v4.a/^P266,0,1,21.1964,0.331711,7.03108
267,trp,AF_Q6ZNE5_F1_model_v4.a/^W267,0,1,317.114,0.345736,109.638
268,ile,AF_Q6ZNE5_F1_model_v4.a/^I268,0,1,291.631,0.0253348,7.38841
269,ser,AF_Q6ZNE5_F1_model_v4.a/^S269,0,1,0,0.112281,0
270,leu,AF_Q6ZNE5_F1_model_v4.a/^L270,0,0,0,-0.11818,0
271,pro,AF_Q6ZNE5_F1_model_v4.a/^P271,0,0,0,0.101362,0
272,asn,AF_Q6ZNE5_F1_model_v4.a/^N272,0,0,0,0.106433,0
273,asn,AF_Q6ZNE5_F1_model_v4.a/^N273,0,1,0,0.167502,0
274,gly,AF_Q6ZNE5_F1_model_v4.a/^G274,0,0,0,-0.0359192,0
275,asp,AF_Q6ZNE5_F1_model_v4.a/^D275,0,1,0,0.163645,0
276,tyr,AF_Q6ZNE5_F1_model_v4.a/^Y276,0,0,0,0.0125273,0
277,ser,AF_Q6ZNE5_F1_model_v4.a/^S277,0,1,0,0.281322,0
278,ala,AF_Q6ZNE5_F1_model_v4.a/^A278,0,1,0,0.233093,0
279,tyr,AF_Q6ZNE5_F1_model_v4.a/^Y279,0,1,0,0.129168,0
280,tyr,AF_Q6ZNE5_F1_model_v4.a/^Y280,0,1,0,0.374164,0
281,ser,AF_Q6ZNE5_F1_model_v4.a/^S281,0,1,0,0.435082,0
282,trp,AF_Q6ZNE5_F1_model_v4.a/^W282,0,1,0,0.460294,0
283,val,AF_Q6ZNE5_F1_model_v4.a/^V283,0,1,0,0.457015,0
284,glu,AF_Q6ZNE5_F1_model_v4.a/^E284,0,1,0,0.672261,0
285,glu,AF_Q6ZNE5_F1_model_v4.a/^E285,0,1,0,0.755014,0
286,lys,AF_Q6ZNE5_F1_model_v4.a/^K286,0,1,0,0.76503,0
287,lys,AF_Q6ZNE5_F1_model_v4.a/^K287,0,1,0,0.856674,0
288,thr,AF_Q6ZNE5_F1_model_v4.a/^T288,0,1,0,0.955511,0
289,thr,AF_Q6ZNE5_F1_model_v4.a/^T289,0,1,0,0.955511,0
290,gln,AF_Q6ZNE5_F1_model_v4.a/^Q290,0,1,0,0.955511,0
291,gly,AF_Q6ZNE5_F1_model_v4.a/^G291,0,1,0,0.955511,0
292,pro,AF_Q6ZNE5_F1_model_v4.a/^P292,0,1,0,0.955511,0
293,asp,AF_Q6ZNE5_F1_model_v4.a/^D293,0,1,0,0.955511,0
294,met,AF_Q6ZNE5_F1_model_v4.a/^M294,0,1,0,0.955511,0
295,glu,AF_Q6ZNE5_F1_model_v4.a/^E295,0,1,0,0.955511,0
296,gln,AF_Q6ZNE5_F1_model_v4.a/^Q296,0,1,40.4043,0.955511,38.6067
297,ser,AF_Q6ZNE5_F1_model_v4.a/^S297,0,1,0,0.696182,0
298,asn,AF_Q6ZNE5_F1_model_v4.a/^N298,0,1,0,0.574368,0
299,pro,AF_Q6ZNE5_F1_model_v4.a/^P299,0,1,0,0.33037,0
300,ala,AF_Q6ZNE5_F1_model_v4.a/^A300,0,0,0,0.288733,0
301,tyr,AF_Q6ZNE5_F1_model_v4.a/^Y301,0,1,0,0.330996,0
302,thr,AF_Q6ZNE5_F1_model_v4.a/^T302,0,1,0,0.187408,0
303,ile,AF_Q6ZNE5_F1_model_v4.a/^I303,0,0,0,0.00108072,0
304,ser,AF_Q6ZNE5_F1_model_v4.a/^S304,0,1,0,0.0501746,0
305,ala,AF_Q6ZNE5_F1_model_v4.a/^A305,0,1,0,0.0158174,0
306,ala,AF_Q6ZNE5_F1_model_v4.a/^A306,0,0,0,-0.125185,0
307,leu,AF_Q6ZNE5_F1_model_v4.a/^L307,0,0,0,-0.167543,0
308,cyss,AF_Q6ZNE5_F1_model_v4.a/^C308,0,1,0,-0.0607074,0
309,tyr,AF_Q6ZNE5_F1_model_v4.a/^Y309,0,1,867.727,-0.147497,-127.987
310,ala,AF_Q6ZNE5_F1_model_v4.a/^A310,0,0,0,-0.253728,0
311,thr,AF_Q6ZNE5_F1_model_v4.a/^T311,0,0,0,-0.11739,0
312,gln,AF_Q6ZNE5_F1_model_v4.a/^Q312,0,1,561.171,-0.0519741,-29.1664
313,leu,AF_Q6ZNE5_F1_model_v4.a/^L313,0,0,0,-0.180146,0
314,val,AF_Q6ZNE5_F1_model_v4.a/^V314,0,0,0,-0.190473,0
315,asn,AF_Q6ZNE5_F1_model_v4.a/^N315,0,0,0,0.0393317,0
316,ile,AF_Q6ZNE5_F1_model_v4.a/^I316,0,1,104.25,0.00289456,0.301758
317,leu,AF_Q6ZNE5_F1_model_v4.a/^L317,0,0,0,-0.112732,0
318,ser,AF_Q6ZNE5_F1_model_v4.a/^S318,0,1,0,0.00400733,0
319,his,AF_Q6ZNE5_F1_model_v4.a/^H319,0,1,39.4813,0.171191,6.75884
320,ile,AF_Q6ZNE5_F1_model_v4.a/^I320,0,1,0,0.0734709,0
321,leu,AF_Q6ZNE5_F1_model_v4.a/^L321,0,1,0,0.0562127,0
322,asp,AF_Q6ZNE5_F1_model_v4.a/^D322,0,1,0,0.261587,0
323,val,AF_Q6ZNE5_F1_model_v4.a/^V323,0,1,0,0.0853772,0
324,asn,AF_Q6ZNE5_F1_model_v4.a/^N324,0,1,0,0.242563,0
325,leu,AF_Q6ZNE5_F1_model_v4.a/^L325,0,1,0,0.0419788,0
326,pro,AF_Q6ZNE5_F1_model_v4.a/^P326,0,1,0,0.111702,0
327,lys,AF_Q6ZNE5_F1_model_v4.a/^K327,0,1,0,0.126344,0
328,lys,AF_Q6ZNE5_F1_model_v4.a/^K328,0,1,0,0.382335,0
329,leu,AF_Q6ZNE5_F1_model_v4.a/^L329,0,0,0,0.0661587,0
330,cys,AF_Q6ZNE5_F1_model_v4.a/^C330,0,1,0,0.344369,0
331,asn,AF_Q6ZNE5_F1_model_v4.a/^N331,0,0,0,0.156281,0
332,ser,AF_Q6ZNE5_F1_model_v4.a/^S332,0,1,0,0.332511,0
333,glu,AF_Q6ZNE5_F1_model_v4.a/^E333,0,1,0,0.15187,0
334,phe,AF_Q6ZNE5_F1_model_v4.a/^F334,0,1,0,-0.0236385,0
335,cyss,AF_Q6ZNE5_F1_model_v4.a/^C335,0,1,0,0.144504,0
336,gly,AF_Q6ZNE5_F1_model_v4.a/^G336,0,1,0,0.335924,0
337,glu,AF_Q6ZNE5_F1_model_v4.a/^E337,0,1,0,0.532474,0
338,asn,AF_Q6ZNE5_F1_model_v4.a/^N338,0,1,0,0.463427,0
339,leu,AF_Q6ZNE5_F1_model_v4.a/^L339,0,1,0,0.302496,0
340,ser,AF_Q6ZNE5_F1_model_v4.a/^S340,0,1,0,0.656817,0
341,lys,AF_Q6ZNE5_F1_model_v4.a/^K341,0,1,0,0.556412,0
342,gln,AF_Q6ZNE5_F1_model_v4.a/^Q342,0,1,0,0.719386,0
343,lys,AF_Q6ZNE5_F1_model_v4.a/^K343,0,1,0,0.484676,0
344,phe,AF_Q6ZNE5_F1_model_v4.a/^F344,0,0,0,0.186501,0
345,thr,AF_Q6ZNE5_F1_model_v4.a/^T345,0,0,0,0.35329,0
346,arg,AF_Q6ZNE5_F1_model_v4.a/^R346,0,1,0,0.399345,0
347,ala,AF_Q6ZNE5_F1_model_v4.a/^A347,0,0,0,0.0980617,0
348,val,AF_Q6ZNE5_F1_model_v4.a/^V348,0,0,0,-0.048725,0
349,lys,AF_Q6ZNE5_F1_model_v4.a/^K349,0,1,0,0.148094,0
350,lys,AF_Q6ZNE5_F1_model_v4.a/^K350,0,0,0,0.0785661,0
351,leu,AF_Q6ZNE5_F1_model_v4.a/^L351,0,0,0,-0.175812,0
352,asn,AF_Q6ZNE5_F1_model_v4.a/^N352,0,0,0,-0.133906,0
353,ala,AF_Q6ZNE5_F1_model_v4.a/^A353,0,0,0,-0.00458298,0
354,asn,AF_Q6ZNE5_F1_model_v4.a/^N354,0,0,0,-0.117256,0
355,ile,AF_Q6ZNE5_F1_model_v4.a/^I355,0,0,0,-0.232243,0
356,leu,AF_Q6ZNE5_F1_model_v4.a/^L356,0,0,0,-0.0745068,0
357,tyr,AF_Q6ZNE5_F1_model_v4.a/^Y357,0,1,0,-0.0288674,0
358,leu,AF_Q6ZNE5_F1_model_v4.a/^L358,0,0,0,-0.124482,0
359,cys,AF_Q6ZNE5_F1_model_v4.a/^C359,0,0,0,-0.074571,0
360,phe,AF_Q6ZNE5_F1_model_v4.a/^F360,0,0,0,0.0957119,0
361,ser,AF_Q6ZNE5_F1_model_v4.a/^S361,0,1,0,0.0902085,0
362,gln,AF_Q6ZNE5_F1_model_v4.a/^Q362,0,0,0,0.0585813,0
363,his,AF_Q6ZNE5_F1_model_v4.a/^H363,0,1,0,0.248404,0
364,val,AF_Q6ZNE5_F1_model_v4.a/^V364,0,1,0,0.0437538,0
365,asn,AF_Q6ZNE5_F1_model_v4.a/^N365,0,1,0,0.24703,0
366,leu,AF_Q6ZNE5_F1_model_v4.a/^L366,0,1,0,0.249374,0
367,asp,AF_Q6ZNE5_F1_model_v4.a/^D367,0,1,0,0.361432,0
368,gln,AF_Q6ZNE5_F1_model_v4.a/^Q368,0,1,0,0.151597,0
369,leu,AF_Q6ZNE5_F1_model_v4.a/^L369,0,0,0,0.0386855,0
370,gln,AF_Q6ZNE5_F1_model_v4.a/^Q370,0,0,0,0.0704205,0
371,pro,AF_Q6ZNE5_F1_model_v4.a/^P371,0,0,0,0.110508,0
372,leu,AF_Q6ZNE5_F1_model_v4.a/^L372,0,1,53.3168,0.0422782,2.25414
373,his,AF_Q6ZNE5_F1_model_v4.a/^H373,0,0,0,-0.0821624,0
374,thr,AF_Q6ZNE5_F1_model_v4.a/^T374,0,0,0,-0.237219,0
375,leu,AF_Q6ZNE5_F1_model_v4.a/^L375,0,0,0,-0.195045,0
376,arg,AF_Q6ZNE5_F1_model_v4.a/^R376,0,1,0,-0.0890191,0
377,asn,AF_Q6ZNE5_F1_model_v4.a/^N377,0,0,0,-0.174992,0
378,leu,AF_Q6ZNE5_F1_model_v4.a/^L378,0,0,0,-0.231805,0
379,met,AF_Q6ZNE5_F1_model_v4.a/^M379,0,1,0,-0.0784966,0
380,tyr,AF_Q6ZNE5_F1_model_v4.a/^Y380,0,1,0,-0.0167289,0
381,leu,AF_Q6ZNE5_F1_model_v4.a/^L381,0,0,0,-0.120255,0
382,val,AF_Q6ZNE5_F1_model_v4.a/^V382,0,0,0,-0.0629562,0
383,ser,AF_Q6ZNE5_F1_model_v4.a/^S383,0,1,0,0.11905,0
384,pro,AF_Q6ZNE5_F1_model_v4.a/^P384,0,1,0,0.272181,0
385,ser,AF_Q6ZNE5_F1_model_v4.a/^S385,0,1,0,0.347184,0
386,ser,AF_Q6ZNE5_F1_model_v4.a/^S386,0,1,0,0.164884,0
387,glu,AF_Q6ZNE5_F1_model_v4.a/^E387,0,1,0,0.386042,0
388,his,AF_Q6ZNE5_F1_model_v4.a/^H388,0,1,0,0.267173,0
389,leu,AF_Q6ZNE5_F1_model_v4.a/^L389,0,0,0,0.130707,0
390,gly,AF_Q6ZNE5_F1_model_v4.a/^G390,0,0,0,0.186631,0
391,arg,AF_Q6ZNE5_F1_model_v4.a/^R391,0,1,0,0.298272,0
392,ser,AF_Q6ZNE5_F1_model_v4.a/^S392,0,1,0,0.436453,0
393,gly,AF_Q6ZNE5_F1_model_v4.a/^G393,0,1,115.911,0.496847,57.5899
394,pro,AF_Q6ZNE5_F1_model_v4.a/^P394,0,1,25.9995,0.584023,15.1843
395,phe,AF_Q6ZNE5_F1_model_v4.a/^F395,0,1,0,0.300818,0
396,glu,AF_Q6ZNE5_F1_model_v4.a/^E396,0,1,0,0.415514,0
397,val,AF_Q6ZNE5_F1_model_v4.a/^V397,0,1,0,0.232662,0
398,arg,AF_Q6ZNE5_F1_model_v4.a/^R398,0,1,0,0.290387,0
399,ala,AF_Q6ZNE5_F1_model_v4.a/^A399,0,1,0,0.430389,0
400,asp,AF_Q6ZNE5_F1_model_v4.a/^D400,0,1,0,0.462153,0
401,leu,AF_Q6ZNE5_F1_model_v4.a/^L401,0,0,0,0.193741,0
402,glu,AF_Q6ZNE5_F1_model_v4.a/^E402,0,1,0,0.236556,0
403,glu,AF_Q6ZNE5_F1_model_v4.a/^E403,0,1,25.2077,0.4709,11.8703
404,ser,AF_Q6ZNE5_F1_model_v4.a/^S404,0,0,0,0.34214,0
405,met,AF_Q6ZNE5_F1_model_v4.a/^M405,0,0,0,0.166037,0
406,glu,AF_Q6ZNE5_F1_model_v4.a/^E406,0,1,0,0.506036,0
407,phe,AF_Q6ZNE5_F1_model_v4.a/^F407,0,1,310.965,0.588673,183.057
408,val,AF_Q6ZNE5_F1_model_v4.a/^V408,0,1,28.3519,0.873853,24.7754
409,asp,AF_Q6ZNE5_F1_model_v4.a/^D409,0,1,133.962,0.780633,104.575
410,pro,AF_Q6ZNE5_F1_model_v4.a/^P410,0,1,252.992,0.955511,241.737
411,gly,AF_Q6ZNE5_F1_model_v4.a/^G411,0,1,40.0873,0.955511,38.3039
412,val,AF_Q6ZNE5_F1_model_v4.a/^V412,0,1,0,0.955511,0
413,ala,AF_Q6ZNE5_F1_model_v4.a/^A413,0,1,86.1593,0.955511,82.3262
414,gly,AF_Q6ZNE5_F1_model_v4.a/^G414,0,1,31.5835,0.955511,30.1784
415,glu,AF_Q6ZNE5_F1_model_v4.a/^E415,0,1,0,0.955511,0
416,ser,AF_Q6ZNE5_F1_model_v4.a/^S416,0,1,0,0.955511,0
417,asp,AF_Q6ZNE5_F1_model_v4.a/^D417,0,1,0,0.955511,0
418,glu,AF_Q6ZNE5_F1_model_v4.a/^E418,0,1,0,0.955511,0
419,ser,AF_Q6ZNE5_F1_model_v4.a/^S419,0,1,0,0.955511,0
420,gly,AF_Q6ZNE5_F1_model_v4.a/^G420,0,1,0,0.955511,0
421,asp,AF_Q6ZNE5_F1_model_v4.a/^D421,0,1,0,0.955511,0
422,glu,AF_Q6ZNE5_F1_model_v4.a/^E422,0,1,0,0.955511,0
423,arg,AF_Q6ZNE5_F1_model_v4.a/^R423,0,1,0,0.955511,0
424,val,AF_Q6ZNE5_F1_model_v4.a/^V424,0,1,0,0.955511,0
425,ser,AF_Q6ZNE5_F1_model_v4.a/^S425,0,1,0,0.955511,0
426,asp,AF_Q6ZNE5_F1_model_v4.a/^D426,0,1,0,0.904342,0
427,glu,AF_Q6ZNE5_F1_model_v4.a/^E427,0,1,0,0.913658,0
428,glu,AF_Q6ZNE5_F1_model_v4.a/^E428,0,1,0,0.726425,0
429,thr,AF_Q6ZNE5_F1_model_v4.a/^T429,0,1,0,0.475832,0
430,asp,AF_Q6ZNE5_F1_model_v4.a/^D430,0,1,0,0.780379,0
431,leu,AF_Q6ZNE5_F1_model_v4.a/^L431,0,1,0,0.56345,0
432,gly,AF_Q6ZNE5_F1_model_v4.a/^G432,0,1,0,0.836344,0
433,thr,AF_Q6ZNE5_F1_model_v4.a/^T433,0,1,0,0.816715,0
434,asp,AF_Q6ZNE5_F1_model_v4.a/^D434,0,1,0,0.529757,0
435,trp,AF_Q6ZNE5_F1_model_v4.a/^W435,0,1,335.786,0.542919,182.305
436,glu,AF_Q6ZNE5_F1_model_v4.a/^E436,0,1,366.11,0.457596,167.53
437,asn,AF_Q6ZNE5_F1_model_v4.a/^N437,0,1,0,0.793342,0
438,leu,AF_Q6ZNE5_F1_model_v4.a/^L438,0,1,396.355,0.955511,378.722
439,pro,AF_Q6ZNE5_F1_model_v4.a/^P439,0,1,276.541,0.955511,264.238
440,ser,AF_Q6ZNE5_F1_model_v4.a/^S440,0,1,563.277,0.955511,538.218
441,pro,AF_Q6ZNE5_F1_model_v4.a/^P441,0,1,1776.01,0.955511,1697
442,arg,AF_Q6ZNE5_F1_model_v4.a/^R442,0,1,903.898,0.955511,863.685
443,phe,AF_Q6ZNE5_F1_model_v4.a/^F443,0,1,1929.23,0.955511,1843.4
444,cys,AF_Q6ZNE5_F1_model_v4.a/^C444,0,1,55.5921,0.955511,53.1188
445,asp,AF_Q6ZNE5_F1_model_v4.a/^D445,0,1,182.232,0.955511,174.125
446,ile,AF_Q6ZNE5_F1_model_v4.a/^I446,0,1,330.734,0.955511,316.02
447,pro,AF_Q6ZNE5_F1_model_v4.a/^P447,0,1,6.62114,0.955511,6.32657
448,ser,AF_Q6ZNE5_F1_model_v4.a/^S448,0,1,0,0.955511,0
449,gln,AF_Q6ZNE5_F1_model_v4.a/^Q449,0,1,0,0.955511,0
450,ser,AF_Q6ZNE5_F1_model_v4.a/^S450,0,1,0,0.955511,0
451,val,AF_Q6ZNE5_F1_model_v4.a/^V451,0,1,51.838,0.955511,49.5318
452,glu,AF_Q6ZNE5_F1_model_v4.a/^E452,0,1,0,0.955511,0
453,val,AF_Q6ZNE5_F1_model_v4.a/^V453,0,1,0,0.955511,0
454,ser,AF_Q6ZNE5_F1_model_v4.a/^S454,0,1,0,0.955511,0
455,gln,AF_Q6ZNE5_F1_model_v4.a/^Q455,0,1,0,0.955511,0
456,ser,AF_Q6ZNE5_F1_model_v4.a/^S456,0,1,0,0.955511,0
457,gln,AF_Q6ZNE5_F1_model_v4.a/^Q457,0,1,0,0.955511,0
458,ser,AF_Q6ZNE5_F1_model_v4.a/^S458,0,1,0,0.955511,0
459,thr,AF_Q6ZNE5_F1_model_v4.a/^T459,0,1,0,0.955511,0
460,gln,AF_Q6ZNE5_F1_model_v4.a/^Q460,0,1,0,0.955511,0
461,ala,AF_Q6ZNE5_F1_model_v4.a/^A461,0,1,0,0.955511,0
462,ser,AF_Q6ZNE5_F1_model_v4.a/^S462,0,1,0,0.955511,0
463,pro,AF_Q6ZNE5_F1_model_v4.a/^P463,0,1,0,0.955511,0
464,pro,AF_Q6ZNE5_F1_model_v4.a/^P464,0,1,0,0.955511,0
465,ile,AF_Q6ZNE5_F1_model_v4.a/^I465,0,1,0,0.955511,0
466,ala,AF_Q6ZNE5_F1_model_v4.a/^A466,0,1,0,0.955511,0
467,ser,AF_Q6ZNE5_F1_model_v4.a/^S467,0,1,0,0.955511,0
468,ser,AF_Q6ZNE5_F1_model_v4.a/^S468,0,1,0,0.955511,0
469,ser,AF_Q6ZNE5_F1_model_v4.a/^S469,0,1,0,0.955511,0
470,ala,AF_Q6ZNE5_F1_model_v4.a/^A470,0,1,0,0.955511,0
471,gly,AF_Q6ZNE5_F1_model_v4.a/^G471,0,1,0,0.955511,0
472,gly,AF_Q6ZNE5_F1_model_v4.a/^G472,0,1,0,0.955511,0
473,met,AF_Q6ZNE5_F1_model_v4.a/^M473,0,1,0,0.955511,0
474,ile,AF_Q6ZNE5_F1_model_v4.a/^I474,0,1,0,0.955511,0
475,ser,AF_Q6ZNE5_F1_model_v4.a/^S475,0,1,0,0.955511,0
476,ser,AF_Q6ZNE5_F1_model_v4.a/^S476,0,1,3.89853,0.955511,3.72509
477,ala,AF_Q6ZNE5_F1_model_v4.a/^A477,0,1,323.409,0.955511,309.021
478,ala,AF_Q6ZNE5_F1_model_v4.a/^A478,0,1,132.829,0.955511,126.92
479,ala,AF_Q6ZNE5_F1_model_v4.a/^A479,0,1,16.5356,0.955511,15.7999
480,ser,AF_Q6ZNE5_F1_model_v4.a/^S480,0,1,501.676,0.955511,479.357
481,val,AF_Q6ZNE5_F1_model_v4.a/^V481,0,1,1530.39,0.955511,1462.3
482,thr,AF_Q6ZNE5_F1_model_v4.a/^T482,0,1,273.835,0.955511,261.653
483,ser,AF_Q6ZNE5_F1_model_v4.a/^S483,0,1,151.662,0.955511,144.915
484,trp,AF_Q6ZNE5_F1_model_v4.a/^W484,0,1,2934.51,0.955511,2803.95
485,phe,AF_Q6ZNE5_F1_model_v4.a/^F485,0,1,2610.19,0.955511,2494.07
486,lys,AF_Q6ZNE5_F1_model_v4.a/^K486,0,1,80.0629,0.955511,76.501
487,ala,AF_Q6ZNE5_F1_model_v4.a/^A487,0,1,313.777,0.955511,299.818
488,tyr,AF_Q6ZNE5_F1_model_v4.a/^Y488,0,1,3574.2,0.955511,3415.19
489,thr,AF_Q6ZNE5_F1_model_v4.a/^T489,0,1,367.8,0.955511,351.437
490,gly,AF_Q6ZNE5_F1_model_v4.a/^G490,0,1,90.1268,0.955511,86.1172
491,his,AF_Q6ZNE5_F1_model_v4.a/^H491,0,1,0,0.955511,0
492,arg,AF_Q6ZNE5_F1_model_v4.a/^R492,0,1,117.086,0.955511,111.877
